Site ID,Site Name,Date,Flow (CFS),Flow Meas. Method,Flow Severity,Temperature (°C),DO (mg/L),Conductivity (uS/cm),pH,Total Suspended Solids (mg/L),E. coli (MPN/100 mL),Ammonia (mg/L),Total P (mg/L),Nitrate (mg/L),Days Since Rain,Secchi Disc Transparency (m),Total Suspended Solids (µg/L),Ammonia (µg/L),TKN (µg/L),Total P (µg/L),Nitrate (µg/L),TDS,Longitude,Latitude
12673,Cypress Creek at Blanco River,9/21/2016,11,,3,25.5,8.4,554,7.9,1.5,320,0.4,0.02,0.33,32,,1500,400,,20,330,360.1,-98.094754,29.991514
12673,Cypress Creek at Blanco River,1/11/2017,17,,2,16.1,9.7,581,7.6,0.5,2400,0.1,0.02,0.29,37,,500,100,,20,290,377.65,-98.094754,29.991514
12673,Cypress Creek at Blanco River,3/28/2017,16,,3,22.2,8.5,572,7.8,2.7,120,0.1,0.02,0.28,17,,2700,100,,20,280,371.8,-98.094754,29.991514
12673,Cypress Creek at Blanco River,6/1/2017,8.6,,3,22.5,8.2,566,7.7,0.5,340,0.1,0.02,0.17,1,,500,100,,20,170,367.9,-98.094754,29.991514
12673,Cypress Creek at Blanco River,11/2/2017,10,,2,19,8.9,612,7.5,0.5,870,0.1,0.02,0.12,2,,500,100,,20,120,397.8,-98.094754,29.991514
12673,Cypress Creek at Blanco River,2/1/2018,2.9,,2,14.1,10.9,619,7.4,0.5,140,0.14,0.02,0.13,15,,500,140,,20,130,402.35,-98.094754,29.991514
12673,Cypress Creek at Blanco River,5/16/2018,4.4,,2,25.1,9.7,563,7.8,0.5,190,0.1,0.02,0.14,1,,500,100,,20,140,365.95,-98.094754,29.991514
12673,Cypress Creek at Blanco River,8/22/2018,0.8,,2,27.8,8.4,602,7.7,4.3,100,0.1,0.02,0.05,44,,4300,100,,20,50,391.3,-98.094754,29.991514
12673,Cypress Creek at Blanco River,12/5/2018,15,,5,14.3,10.8,605,7.5,0.5,1000,0.1,0.02,0.35,4,,500,100,,20,350,393.25,-98.094754,29.991514
12673,Cypress Creek at Blanco River,3/13/2019,13,,3,19.3,7.1,608,7.7,2.1,2400,0.1,0.02,0.38,0,,2100,100,,20,380,395.2,-98.094754,29.991514
12673,Cypress Creek at Blanco River,8/22/2019,8,,3,28.3,9.4,514,8.1,0.9,200,0.1,0.02,0.09,38,,900,100,,20,90,334.1,-98.094754,29.991514
12673,Cypress Creek at Blanco River,9/24/2019,7,,3,27.4,9.6,512,8.1,1.2,120,0.1,0.02,0.05,31,,1200,100,,20,50,332.8,-98.094754,29.991514
12673,Cypress Creek at Blanco River,12/9/2019,1.5,,3,18.7,10.9,549,8.1,0.5,1600,0.1,0.02,0.05,8,,500,100,,20,50,356.85,-98.094754,29.991514
12673,Cypress Creek at Blanco River,6/30/2020,7.9,,3,25.1,8.6,572,8.1,3.1,110,0.1,0.02,0.232,1,,3100,100,,20,232,371.8,-98.094754,29.991514
12673,Cypress Creek at Blanco River,9/10/2020,10.4,,5,22.7,8.1,521,7.8,2.6,460,0.1,0.02,0.145,1,,2600,100,,20,145,338.65,-98.094754,29.991514
12673,Cypress Creek at Blanco River,12/9/2020,1.5,,2,10.8,9.6,579,7.4,0.7,240,0.1,0.02,0.05,14,,700,100,,20,50,376.35,-98.094754,29.991514
12673,Cypress Creek at Blanco River,3/3/2021,2.4,,3,11.7,10.1,623,8,0.5,340,0.1,0.02,0.1,5,0.3,500,100,,20,100,404.95,-98.094754,29.991514
12673,Cypress Creek at Blanco River,6/9/2021,22,,5,23.8,8,604,8.1,1,78,0.1,0.02,0.607,3,0.5,1000,100,,20,607,392.6,-98.094754,29.991514
12673,Cypress Creek at Blanco River,9/9/2021,4,,3,24,7.2,596,7.9,2.5,110,0.1,0.02,0.05,3,0.1,2500,100,,20,50,387.4,-98.094754,29.991514
12673,Cypress Creek at Blanco River,12/8/2021,11,,3,15.8,9.4,596,7.9,1.7,180,0.1,0.02,0.3,12,0.7,1700,100,,20,300,387.4,-98.094754,29.991514
12673,Cypress Creek at Blanco River,3/9/2022,6.5,,3,12.6,10.1,599,7.9,0.5,88,0.1,0.02,0.216,2,0.75,500,100,,20,216,389.35,-98.094754,29.991514
12673,Cypress Creek at Blanco River,6/15/2022,0.4,,2,26.2,6.3,618,7.5,2.9,8,0.1,0.024,0.05,22,1,2900,100,,24,50,401.7,-98.094754,29.991514
12673,Cypress Creek at Blanco River,9/8/2022,0.3,,2,23.8,5.1,569,7.5,2.9,730,0.1,0.02,0.05,1,0.2,2900,100,,20,50,369.85,-98.094754,29.991514
12673,Cypress Creek at Blanco River,12/7/2022,0.1,5,2,17.9,6,658,7.3,0.5,170,0.1,0.02,0.05,12,0.1,500,100,,20,50,427.7,-98.094754,29.991514
12673,Cypress Creek at Blanco River,3/29/2023,1,5,2,17.4,7.8,659,7.9,0.7,15,0.1,0.02,0.05,12,0.3,700,100,,20,50,428.35,-98.094754,29.991514
12673,Cypress Creek at Blanco River,6/14/2023,1.6,5,2,25.2,6.5,732,7.3,19.2,140,0.1,0.054,0.07,9,0.1,19200,100,,54,70,475.8,-98.094754,29.991514
12673,Cypress Creek at Blanco River,9/20/2023,,,6,,,,,,,,,,,,,,,,,,-98.094754,29.991514
12673,Cypress Creek at Blanco River,1/24/2024,5,1,3,13,8.7,600,7,7.4,490,0.1,0.02,0.994,0,0.5,7400,100,,20,994,390,-98.094754,29.991514
12673,Cypress Creek at Blanco River,3/20/2024,2.3,5,2,15.9,7.2,749,7.7,0.5,79,0.1,0.02,0.192,2,0.5,500,100,,20,192,486.85,-98.094754,29.991514
12673,Cypress Creek at Blanco River,7/11/2024,0.8,5,2,25.3,6.8,766,7.6,1.6,41,0.1,0.02,0.124,5,0.13,1600,100,,20,124,497.9,-98.094754,29.991514
12673,Cypress Creek at Blanco River,11/13/2024,0.2,5,2,18.3,5.9,758,7.4,4.7,130,0.1,0.02,0.05,8,0.13,4700,100,,20,50,492.7,-98.094754,29.991514
12673,Cypress Creek at Blanco River,2/13/2025,1.9,5,2,10.7,7.8,641,7.6,4.1,920,0.1,0.02,0.09,1,0.25,4100,100,,20,90,416.65,-98.094754,29.991514
12674,Cypress Creek at FM 12 in Wimberley,8/2/2016,8.1,,,26.1,7.6,555,7.5,0.5,480,0.1,0.02,0.2,,,500,100,,20,200,360.75,-98.09753,29.996859
12674,Cypress Creek at FM 12 in Wimberley,10/10/2016,17,,,20.1,8.7,592,7.7,2.2,260,0.1,0.02,0.39,,,2200,100,,20,390,384.8,-98.09753,29.996859
12674,Cypress Creek at FM 12 in Wimberley,1/9/2017,14,,,12,9.9,573,7.7,0.5,650,0.1,0.02,0.39,,,500,100,,20,390,372.45,-98.09753,29.996859
12674,Cypress Creek at FM 12 in Wimberley,5/10/2017,10,,,21.5,8.1,563,7.6,0.8,120,0.1,0.02,0.23,,,800,100,,20,230,365.95,-98.09753,29.996859
12674,Cypress Creek at FM 12 in Wimberley,8/16/2017,1.5,,,26.4,7.1,559,7.9,0.6,1000,0.1,0.02,0.05,,,600,100,,20,50,363.35,-98.09753,29.996859
12674,Cypress Creek at FM 12 in Wimberley,10/2/2017,6,,,23.1,8.3,571,7.9,0.9,240,0.1,0.02,0.22,,,900,100,,20,220,371.15,-98.09753,29.996859
12674,Cypress Creek at FM 12 in Wimberley,2/20/2018,4.9,,,17.5,8.2,576,7.8,144,870,0.1,0.11,0.18,,,144000,100,,110,180,374.4,-98.09753,29.996859
12674,Cypress Creek at FM 12 in Wimberley,5/3/2018,4.3,,,21.3,7.8,594,7.8,5,160,0.1,0.02,0.12,,,5000,100,,20,120,386.1,-98.09753,29.996859
12674,Cypress Creek at FM 12 in Wimberley,8/1/2018,0.3,,,25.7,6,585,7.6,13,2400,0.1,0.04,0.05,,,13000,100,,40,50,380.25,-98.09753,29.996859
12674,Cypress Creek at FM 12 in Wimberley,11/5/2018,28,,,19.8,8.4,595,7.8,1.5,110,0.1,0.02,0.59,,,1500,100,,20,590,386.75,-98.09753,29.996859
12674,Cypress Creek at FM 12 in Wimberley,2/4/2019,33,,,18.5,8.9,574,7.7,0.5,120,0.1,0.02,0.51,,,500,100,,20,510,373.1,-98.09753,29.996859
12674,Cypress Creek at FM 12 in Wimberley,4/22/2019,11,,,20.3,9.5,570,7.9,0.5,75,0.1,0.02,0.216,,,500,100,,20,216,370.5,-98.09753,29.996859
12674,Cypress Creek at FM 12 in Wimberley,8/26/2019,3.2,,,26.8,7.8,544,7.4,0.7,220,0.1,0.02,0.108,61,,700,100,,20,108,353.6,-98.09753,29.996859
12674,Cypress Creek at FM 12 in Wimberley,11/4/2019,0.3,,,15.7,8.7,496,7.6,1.5,76,0.1,0.02,0.05,12,,1500,100,,20,50,322.4,-98.09753,29.996859
12674,Cypress Creek at FM 12 in Wimberley,2/12/2020,3.7,,,12.4,9.6,491,7.9,,2400,0.1,,0.08,20,,,100,,,80,319.15,-98.09753,29.996859
12674,Cypress Creek at FM 12 in Wimberley,5/4/2020,1.1,,,22.3,7.2,606,7.7,1.6,230,0.1,0.02,0.09,,,1600,100,,20,90,393.9,-98.09753,29.996859
12674,Cypress Creek at FM 12 in Wimberley,8/3/2020,1.7,,,26.4,7.8,549,7.6,1.2,520,0.1,0.02,0.09,42,,1200,100,,20,90,356.85,-98.09753,29.996859
12674,Cypress Creek at FM 12 in Wimberley,10/28/2020,1.2,,,15.5,8.9,578,7.8,3.6,650,0.1,0.02,0.05,49,,3600,100,,20,50,375.7,-98.09753,29.996859
12674,Cypress Creek at FM 12 in Wimberley,2/10/2021,2,,,13.7,8.9,575,7.5,17.3,220,0.1,0.02,0.1,30,,17300,100,,20,100,373.75,-98.09753,29.996859
12674,Cypress Creek at FM 12 in Wimberley,5/10/2021,1.2,,,22.1,7.1,618,7.7,2.9,180,0.1,0.02,0.136,10,,2900,100,,20,136,401.7,-98.09753,29.996859
12674,Cypress Creek at FM 12 in Wimberley,7/14/2021,1.2,,,24.8,7.2,611,7.6,1.5,180,0.1,0.02,0.192,12,,1500,100,,20,192,397.15,-98.09753,29.996859
12674,Cypress Creek at FM 12 in Wimberley,10/26/2021,5.2,,,22.8,7.7,620,7.8,5.2,53,0.1,0.02,0.422,13,,5200,100,,20,422,403,-98.09753,29.996859
12674,Cypress Creek at FM 12 in Wimberley,1/19/2022,1,,,14,9.4,606,7.8,1.2,690,0.1,0.02,0.202,32,,1200,100,,20,202,393.9,-98.09753,29.996859
12674,Cypress Creek at FM 12 in Wimberley,4/21/2022,0.1,,,21.2,6.8,616,7.6,7.5,130,0.1,0.02,0.07,31,,7500,100,,20,70,400.4,-98.09753,29.996859
12674,Cypress Creek at FM 12 in Wimberley,7/14/2022,0,,,26.1,4.6,611,7.5,9.3,2400,0.1,0.027,0.05,17,,9300,100,,27,50,397.15,-98.09753,29.996859
12674,Cypress Creek at FM 12 in Wimberley,11/21/2022,0.01,2,2,10.1,6.4,656,7.3,0.5,140,0.1,0.02,0.05,24,,500,100,,20,50,426.4,-98.09753,29.996859
12674,Cypress Creek at FM 12 in Wimberley,2/21/2023,0.3,2,2,15.1,8.9,641,7.8,0.7,33,0.1,0.02,0.05,27,,700,100,,20,50,416.65,-98.09753,29.996859
12674,Cypress Creek at FM 12 in Wimberley,5/24/2023,1,2,3,21.3,6.9,650,7.6,6.9,1300,0.1,0.02,0.06,11,,6900,100,,20,60,422.5,-98.09753,29.996859
12674,Cypress Creek at FM 12 in Wimberley,8/16/2023,0,,1,23.4,1.3,795,7.1,109,140,0.26,0.103,0.05,103,,109000,260,,103,50,516.75,-98.09753,29.996859
12675,Cypress Creek at Blue Hole,9/21/2016,11,,2,25.2,6.3,571,7.5,1.89,51,0.1,0.02,0.35,32,,1890,100,,20,350,371.15,-98.09084,30.002777
12675,Cypress Creek at Blue Hole,1/11/2017,17,,3,16.2,8,595,7.6,0.9,64,0.1,0.02,0.31,37,,900,100,,20,310,386.75,-98.09084,30.002777
12675,Cypress Creek at Blue Hole,3/28/2017,16,,3,22,7.6,589,7.6,0.7,120,0.1,0.02,0.3,17,,700,100,,20,300,382.85,-98.09084,30.002777
12675,Cypress Creek at Blue Hole,6/1/2017,6.8,,3,22.6,6,573,7.4,0.5,120,0.1,0.02,0.19,1,,500,100,,20,190,372.45,-98.09084,30.002777
12675,Cypress Creek at Blue Hole,11/2/2017,10,,1,19.2,6.2,617,7.1,0.5,130,0.1,0.02,0.16,2,,500,100,,20,160,401.05,-98.09084,30.002777
12675,Cypress Creek at Blue Hole,2/1/2018,2.9,,2,13.8,8.2,631,7.1,0.5,15,0.1,0.02,0.18,15,,500,100,,20,180,410.15,-98.09084,30.002777
12675,Cypress Creek at Blue Hole,5/16/2018,4.4,,2,23.1,6.2,577,7.4,0.5,38,0.1,0.02,0.17,1,,500,100,,20,170,375.05,-98.09084,30.002777
12675,Cypress Creek at Blue Hole,8/22/2018,0.9,,2,25.7,2.5,635,6.9,0.5,23,0.1,0.02,0.05,44,,500,100,,20,50,412.75,-98.09084,30.002777
12675,Cypress Creek at Blue Hole,12/5/2018,15,,5,14.9,7.8,615,7.1,1.8,44,0.1,0.02,0.37,4,,1800,100,,20,370,399.75,-98.09084,30.002777
12675,Cypress Creek at Blue Hole,3/13/2019,13,,3,18.9,5.6,637,7.4,0.5,120,0.1,0.02,0.38,0,,500,100,,20,380,414.05,-98.09084,30.002777
12675,Cypress Creek at Blue Hole,8/22/2019,8,,3,26.8,5.8,545,7.6,1.3,110,0.1,0.02,0.113,38,,1300,100,,20,113,354.25,-98.09084,30.002777
12675,Cypress Creek at Blue Hole,9/24/2019,7,,3,26,5,543,7.5,0.5,66,0.1,0.02,0.07,31,,500,100,,20,70,352.95,-98.09084,30.002777
12675,Cypress Creek at Blue Hole,12/9/2019,1.5,,3,17,6,554,7.5,0.5,11,0.1,0.02,0.05,8,,500,100,,20,50,360.1,-98.09084,30.002777
12675,Cypress Creek at Blue Hole,6/30/2020,,,,24.8,6.2,587,7.6,1.3,160,0.1,0.02,0.255,1,,1300,100,,20,255,381.55,-98.09084,30.002777
12675,Cypress Creek at Blue Hole,9/10/2020,7.9,,5,23.4,5.7,552,7.5,0.6,180,0.1,<.02,0.154,1,,600,100,,<.02<.02<.02<.02<.02<.02<.02<.02<.02<.02<.02<.02<.02<.02<.02<.02<.02<.02<.02<.02<.02<.02<.02<.02<.02<.02<.02<.02<.02<.02<.02<.02<.02<.02<.02<.02<.02<.02<.02<.02<.02<.02<.02<.02<.02<.02<.02<.02<.02<.02<.02<.02<.02<.02<.02<.02<.02<.02<.02<.02<.02<.02<.02<.02<.02<.02<.02<.02<.02<.02<.02<.02<.02<.02<.02<.02<.02<.02<.02<.02<.02<.02<.02<.02<.02<.02<.02<.02<.02<.02<.02<.02<.02<.02<.02<.02<.02<.02<.02<.02<.02<.02<.02<.02<.02<.02<.02<.02<.02<.02<.02<.02<.02<.02<.02<.02<.02<.02<.02<.02<.02<.02<.02<.02<.02<.02<.02<.02<.02<.02<.02<.02<.02<.02<.02<.02<.02<.02<.02<.02<.02<.02<.02<.02<.02<.02<.02<.02<.02<.02<.02<.02<.02<.02<.02<.02<.02<.02<.02<.02<.02<.02<.02<.02<.02<.02<.02<.02<.02<.02<.02<.02<.02<.02<.02<.02<.02<.02<.02<.02<.02<.02<.02<.02<.02<.02<.02<.02<.02<.02<.02<.02<.02<.02<.02<.02<.02<.02<.02<.02<.02<.02<.02<.02<.02<.02<.02<.02<.02<.02<.02<.02<.02<.02<.02<.02<.02<.02<.02<.02<.02<.02<.02<.02<.02<.02<.02<.02<.02<.02<.02<.02<.02<.02<.02<.02<.02<.02<.02<.02<.02<.02<.02<.02<.02<.02<.02<.02<.02<.02<.02<.02<.02<.02<.02<.02<.02<.02<.02<.02<.02<.02<.02<.02<.02<.02<.02<.02<.02<.02<.02<.02<.02<.02<.02<.02<.02<.02<.02<.02<.02<.02<.02<.02<.02<.02<.02<.02<.02<.02<.02<.02<.02<.02<.02<.02<.02<.02<.02<.02<.02<.02<.02<.02<.02<.02<.02<.02<.02<.02<.02<.02<.02<.02<.02<.02<.02<.02<.02<.02<.02<.02<.02<.02<.02<.02<.02<.02<.02<.02<.02<.02<.02<.02<.02<.02<.02<.02<.02<.02<.02<.02<.02<.02<.02<.02<.02<.02<.02<.02<.02<.02<.02<.02<.02<.02<.02<.02<.02<.02<.02<.02<.02<.02<.02<.02<.02<.02<.02<.02<.02<.02<.02<.02<.02<.02<.02<.02<.02<.02<.02<.02<.02<.02<.02<.02<.02<.02<.02<.02<.02<.02<.02<.02<.02<.02<.02<.02<.02<.02<.02<.02<.02<.02<.02<.02<.02<.02<.02<.02<.02<.02<.02<.02<.02<.02<.02<.02<.02<.02<.02<.02<.02<.02<.02<.02<.02<.02<.02<.02<.02<.02<.02<.02<.02<.02<.02<.02<.02<.02<.02<.02<.02<.02<.02<.02<.02<.02<.02<.02<.02<.02<.02<.02<.02<.02<.02<.02<.02<.02<.02<.02<.02<.02<.02<.02<.02<.02<.02<.02<.02<.02<.02<.02<.02<.02<.02<.02<.02<.02<.02<.02<.02<.02<.02<.02<.02<.02<.02<.02<.02<.02<.02<.02<.02<.02<.02<.02<.02<.02<.02<.02<.02<.02<.02<.02<.02<.02<.02<.02<.02<.02<.02<.02<.02<.02<.02<.02<.02<.02<.02<.02<.02<.02<.02<.02<.02<.02<.02<.02<.02<.02<.02<.02<.02<.02<.02<.02<.02<.02<.02<.02<.02<.02<.02<.02<.02<.02<.02<.02<.02<.02<.02<.02<.02<.02<.02<.02<.02<.02<.02<.02<.02<.02<.02<.02<.02<.02<.02<.02<.02<.02<.02<.02<.02<.02<.02<.02<.02<.02<.02<.02<.02<.02<.02<.02<.02<.02<.02<.02<.02<.02<.02<.02<.02<.02<.02<.02<.02<.02<.02<.02<.02<.02<.02<.02<.02<.02<.02<.02<.02<.02<.02<.02<.02<.02<.02<.02<.02<.02<.02<.02<.02<.02<.02<.02<.02<.02<.02<.02<.02<.02<.02<.02<.02<.02<.02<.02<.02<.02<.02<.02<.02<.02<.02<.02<.02<.02<.02<.02<.02<.02<.02<.02<.02<.02<.02<.02<.02<.02<.02<.02<.02<.02<.02<.02<.02<.02<.02<.02<.02<.02<.02<.02<.02<.02<.02<.02<.02<.02<.02<.02<.02<.02<.02<.02<.02<.02<.02<.02<.02<.02<.02<.02<.02<.02<.02<.02<.02<.02<.02<.02<.02<.02<.02<.02<.02<.02<.02<.02<.02<.02<.02<.02<.02<.02<.02<.02<.02<.02<.02<.02<.02<.02<.02<.02<.02<.02<.02<.02<.02<.02<.02<.02<.02<.02<.02<.02<.02<.02<.02<.02<.02<.02<.02<.02<.02<.02<.02<.02<.02<.02<.02<.02<.02<.02<.02<.02<.02<.02<.02<.02<.02<.02<.02<.02<.02<.02<.02<.02<.02<.02<.02<.02<.02<.02<.02<.02<.02<.02<.02<.02<.02<.02<.02<.02<.02<.02<.02<.02<.02<.02<.02<.02<.02<.02<.02<.02<.02<.02<.02<.02<.02<.02<.02<.02<.02<.02<.02<.02<.02<.02<.02<.02<.02<.02<.02<.02<.02<.02<.02<.02<.02<.02<.02<.02<.02<.02<.02<.02<.02<.02<.02<.02<.02<.02<.02<.02<.02<.02<.02<.02<.02<.02<.02<.02<.02<.02<.02<.02<.02<.02<.02<.02<.02<.02<.02<.02<.02<.02<.02<.02<.02<.02<.02<.02<.02<.02<.02<.02<.02<.02<.02<.02<.02<.02<.02<.02<.02<.02<.02<.02<.02<.02<.02<.02<.02<.02<.02<.02<.02<.02<.02<.02<.02<.02<.02<.02<.02<.02<.02<.02<.02<.02<.02<.02<.02<.02<.02<.02<.02<.02<.02<.02<.02<.02<.02<.02<.02<.02<.02<.02<.02<.02<.02<.02<.02<.02<.02<.02<.02<.02<.02<.02<.02<.02<.02<.02<.02<.02<.02<.02<.02<.02<.02<.02<.02<.02<.02<.02<.02<.02<.02<.02<.02<.02<.02<.02<.02<.02<.02<.02<.02<.02<.02<.02<.02<.02<.02<.02<.02<.02<.02<.02<.02<.02<.02<.02<.02<.02<.02<.02<.02<.02<.02<.02<.02<.02<.02<.02<.02<.02<.02<.02<.02<.02<.02<.02<.02<.02,154,358.8,-98.09084,30.002777
12675,Cypress Creek at Blue Hole,12/9/2020,0.6,,2,13.6,6.8,575,7.6,0.5,11,0.1,0.02,0.05,14,,500,100,,20,50,373.75,-98.09084,30.002777
12675,Cypress Creek at Blue Hole,3/3/2021,2.1,,3,13.6,8.3,637,7.6,0.8,17,0.1,0.02,0.171,5,1.1,800,100,,20,171,414.05,-98.09084,30.002777
12675,Cypress Creek at Blue Hole,6/9/2021,21,,5,23.7,6.9,611,7.5,1.1,50,0.1,0.02,0.559,3,1.3,1100,100,,20,559,397.15,-98.09084,30.002777
12675,Cypress Creek at Blue Hole,9/9/2021,3.5,,3,24.5,4.2,622,7.4,0.5,26,0.1,0.02,0.09,3,0.8,500,100,,20,90,404.3,-98.09084,30.002777
12675,Cypress Creek at Blue Hole,12/8/2021,12,,3,16.3,7.5,607,7.7,0.6,18,0.1,0.02,0.329,12,0.9,600,100,,20,329,394.55,-98.09084,30.002777
12675,Cypress Creek at Blue Hole,3/9/2022,6.8,,3,13.6,9.1,603,7.7,0.5,17,0.1,0.02,0.248,2,1,500,100,,20,248,391.95,-98.09084,30.002777
12675,Cypress Creek at Blue Hole,6/15/2022,0.2,,2,24.4,3.9,638,7.3,4.3,29,0.1,0.02,0.07,22,1,4300,100,,20,70,414.7,-98.09084,30.002777
12675,Cypress Creek at Blue Hole,9/8/2022,-,,2,24,4.6,616,7.4,4.8,110,0.1,0.02,0.05,1,0.9,4800,100,,20,50,400.4,-98.09084,30.002777
12675,Cypress Creek at Blue Hole,12/7/2022,1,5,2,17.7,2.2,631,7.9,0.9,28,0.1,0.02,0.05,12,1,900,100,,20,50,410.15,-98.09084,30.002777
12675,Cypress Creek at Blue Hole,3/29/2023,1.2,5,2,17.2,4.8,660,7.4,2.4,12,0.1,0.02,0.05,12,0.7,2400,100,,20,50,429,-98.09084,30.002777
12675,Cypress Creek at Blue Hole,6/14/2023,3.5,5,2,23.5,3,741,6.7,4.2,55,0.1,0.02,0.05,9,1.1,4200,100,,20,50,481.65,-98.09084,30.002777
12675,Cypress Creek at Blue Hole,9/20/2023,0,,1,23.7,5.3,755,7.1,32.4,24,0.1,0.02,0.05,3,0.2,32400,100,,20,50,490.75,-98.09084,30.002777
12675,Cypress Creek at Blue Hole,1/24/2024,3.2,1,3,13.4,6.6,662,6.6,5,980,0.1,0.02,0.564,0,0.5,5000,100,,20,564,430.3,-98.09084,30.002777
12675,Cypress Creek at Blue Hole,3/20/2024,1,5,2,17.3,5.3,748,7.3,0.6,26,0.1,0.02,0.253,2,1.2,600,100,,20,253,486.2,-98.09084,30.002777
12675,Cypress Creek at Blue Hole,7/11/2024,2.3,5,2,24.9,2.3,767,7.1,0.7,40,0.1,0.02,0.05,5,0.8,700,100,,20,50,498.55,-98.09084,30.002777
12675,Cypress Creek at Blue Hole,11/13/2024,1.6,5,2,20,2.3,776,7,1.9,49,0.1,0.02,0.05,8,0.6,1900,100,,20,50,504.4,-98.09084,30.002777
12675,Cypress Creek at Blue Hole,2/13/2025,2.1,5,2,14.2,4.9,706,7.4,0.7,75,0.1,0.02,0.05,1,0.85,700,100,,20,50,458.9,-98.09084,30.002777
12676,Cypress Creek at RR12,10/6/2016,15,,3,23.8,7.6,587,7.8,1.1,66,0.1,0.02,0.46,32,,1100,100,,20,460,381.55,-98.104139,30.012356
12676,Cypress Creek at RR12,1/11/2017,17,,2,17.8,9.3,593,7.7,1.9,20,0.1,0.02,0.33,37,,1900,100,,20,330,385.45,-98.104139,30.012356
12676,Cypress Creek at RR12,3/28/2017,16,,3,22,7.8,592,7.6,0.5,22,0.1,0.02,0.34,17,,500,100,,20,340,384.8,-98.104139,30.012356
12676,Cypress Creek at RR12,6/1/2017,8.6,,3,23.1,6.6,571,7.4,0.5,52,0.1,0.02,0.21,1,,500,100,,20,210,371.15,-98.104139,30.012356
12676,Cypress Creek at RR12,11/2/2017,10,,2,19.8,6.9,604,7.2,0.5,45,0.1,0.02,0.22,2,,500,100,,20,220,392.6,-98.104139,30.012356
12676,Cypress Creek at RR12,2/1/2018,2.9,,2,14,9,612,7.1,0.5,170,0.1,0.02,0.22,15,,500,100,,20,220,397.8,-98.104139,30.012356
12676,Cypress Creek at RR12,5/16/2018,3.9,,2,24.1,6.1,559,7.3,0.5,43,0.1,0.02,0.22,1,,500,100,,20,220,363.35,-98.104139,30.012356
12676,Cypress Creek at RR12,8/22/2018,0.9,,2,25.1,1,595,6.8,0.5,35,0.1,0.02,0.07,44,,500,100,,20,70,386.75,-98.104139,30.012356
12676,Cypress Creek at RR12,12/5/2018,15,,5,15.2,9,608,7.2,0.5,31,0.1,0.02,0.4,4,,500,100,,20,400,395.2,-98.104139,30.012356
12676,Cypress Creek at RR12,3/13/2019,13,,3,19.1,6.3,639,7.4,0.5,75,0.1,0.02,0.39,0,,500,100,,20,390,415.35,-98.104139,30.012356
12676,Cypress Creek at RR12,8/22/2019,7.5,,3,27.9,5.9,533,7.6,0.8,59,0.1,0.02,0.145,38,,800,100,,20,145,346.45,-98.104139,30.012356
12676,Cypress Creek at RR12,9/24/2019,7,,3,26.8,4.7,526,7.5,0.5,29,0.1,0.02,0.103,31,,500,100,,20,103,341.9,-98.104139,30.012356
12676,Cypress Creek at RR12,12/9/2019,4.4,,3,17.3,8,545,7.6,0.5,73,0.1,0.02,0.08,8,,500,100,,20,80,354.25,-98.104139,30.012356
12676,Cypress Creek at RR12,6/30/2020,6.5,,3,25.4,6.4,576,7.7,0.7,79,0.1,0.02,0.28,1,,700,100,,20,280,374.4,-98.104139,30.012356
12676,Cypress Creek at RR12,9/10/2020,5.7,,5,23.6,7,539,7.6,3,120,0.1,0.02,0.198,1,,3000,100,,20,198,350.35,-98.104139,30.012356
12676,Cypress Creek at RR12,12/9/2020,2.1,,2,14.6,7.6,549,7.6,0.5,57,0.1,0.02,0.07,14,,500,100,,20,70,356.85,-98.104139,30.012356
12676,Cypress Creek at RR12,3/3/2021,1.9,,3,13.8,9.4,614,7.7,0.5,62,0.1,0.02,0.213,5,0.6,500,100,,20,213,399.1,-98.104139,30.012356
12676,Cypress Creek at RR12,6/9/2021,12,,5,24,7.2,602,7.8,0.9,62,0.1,0.02,0.653,3,0.6,900,100,,20,653,391.3,-98.104139,30.012356
12676,Cypress Creek at RR12,9/9/2021,2.2,,3,25.5,5.3,572,7.6,1.1,41,0.1,0.02,0.126,3,0.6,1100,100,,20,126,371.8,-98.104139,30.012356
12676,Cypress Creek at RR12,12/8/2021,9.5,,3,17.1,8.6,596,7.8,0.5,39,0.1,0.02,0.342,12,0.6,500,100,,20,342,387.4,-98.104139,30.012356
12676,Cypress Creek at RR12,3/9/2022,5.4,,3,13,9.1,589,7.5,1,16,0.1,0.02,0.279,2,0.7,1000,100,,20,279,382.85,-98.104139,30.012356
12676,Cypress Creek at RR12,6/15/2022,1.1,,2,23.7,3.5,576,7.2,0.5,43,0.1,0.02,0.09,22,0.4,500,100,,20,90,374.4,-98.104139,30.012356
12676,Cypress Creek at RR12,9/8/2022,0.4,,2,24.2,2.7,597,7.2,0.5,29,0.1,0.02,0.07,1,0.3,500,100,,20,70,388.05,-98.104139,30.012356
12676,Cypress Creek at RR12,12/7/2022,0.8,5,2,21.5,3.1,582,6.8,0.5,28,0.1,0.02,0.05,12,0.5,500,100,,20,50,378.3,-98.104139,30.012356
12676,Cypress Creek at RR12,3/29/2023,1,5,2,16.4,4.3,657,7.4,0.5,8,0.1,0.02,0.06,12,0.5,500,100,,20,60,427.05,-98.104139,30.012356
12676,Cypress Creek at RR12,6/14/2023,1.5,5,2,23.4,2.2,707,6.7,1.6,61,0.1,0.02,0.114,9,0.5,1600,100,,20,114,459.55,-98.104139,30.012356
12676,Cypress Creek at RR12,9/20/2023,0,,1,23.8,2.1,735,6.7,18.2,3,0.1,0.02,0.05,3,0.2,18200,100,,20,50,477.75,-98.104139,30.012356
12676,Cypress Creek at RR12,1/24/2024,0,1,3,15.6,6.3,711,6.9,0.7,86,0.1,0.02,0.916,0,0.5,700,100,,20,916,462.15,-98.104139,30.012356
12676,Cypress Creek at RR12,3/20/2024,1.8,5,2,18,4.3,727,7.3,0.5,12,0.1,0.02,0.311,2,0.7,500,100,,20,311,472.55,-98.104139,30.012356
12676,Cypress Creek at RR12,7/11/2024,1.2,5,2,25.6,2.2,724,7.1,3.1,7,0.1,0.02,0.108,5,0.7,3100,100,,20,108,470.6,-98.104139,30.012356
12676,Cypress Creek at RR12,11/13/2024,0.02,5,2,21.6,3.6,697,7.1,3.8,28,0.1,0.02,0.07,8,0.5,3800,100,,20,70,453.05,-98.104139,30.012356
12676,Cypress Creek at RR12,2/13/2025,1.6,5,2,14.1,6.6,668,7.4,15.9,47,0.1,0.02,0.128,1,0.75,15900,100,,20,128,434.2,-98.104139,30.012356
12677,Cypress Creek at Jacobs Well,9/21/2016,11,,2,21.7,5.5,582,7,0.5,1,0.1,0.02,0.61,32,,500,100,,20,610,378.3,-98.126321,30.034408
12677,Cypress Creek at Jacobs Well,1/11/2017,17,,2,20.7,6,629,6.7,1.5,4,0.1,0.02,0.55,37,,1500,100,,20,550,408.85,-98.126321,30.034408
12677,Cypress Creek at Jacobs Well,3/28/2017,16,,3,20.5,6.1,610,6.7,0.5,2,0.1,0.02,0.47,17,,500,100,,20,470,396.5,-98.126321,30.034408
12677,Cypress Creek at Jacobs Well,6/1/2017,8.6,,3,28.8,5.9,613,6.7,0.5,2,0.1,0.02,0.52,1,,500,100,,20,520,398.45,-98.126321,30.034408
12677,Cypress Creek at Jacobs Well,11/2/2017,11,,2,21,5.7,625,6.7,0.6,1,0.1,0.02,0.54,2,,600,100,,20,540,406.25,-98.126321,30.034408
12677,Cypress Creek at Jacobs Well,2/1/2018,2.9,,2,21,6,643,6.6,0.5,3,0.1,0.02,0.59,15,,500,100,,20,590,417.95,-98.126321,30.034408
12677,Cypress Creek at Jacobs Well,5/16/2018,5.8,,2,21,6.4,584,6.6,0.5,15,0.1,0.02,0.67,1,,500,100,,20,670,379.6,-98.126321,30.034408
12677,Cypress Creek at Jacobs Well,8/22/2018,0.8,,2,22.5,6.9,615,6.6,1,28,0.1,0.02,0.46,44,,1000,100,,20,460,399.75,-98.126321,30.034408
12677,Cypress Creek at Jacobs Well,12/5/2018,14,,5,20.7,6.2,612,6.6,0.5,1,0.1,0.02,0.55,4,,500,100,,20,550,397.8,-98.126321,30.034408
12677,Cypress Creek at Jacobs Well,3/13/2019,13,,3,20.2,4.7,652,6.5,0.5,4,0.1,0.02,0.54,0,,500,100,,20,540,423.8,-98.126321,30.034408
12677,Cypress Creek at Jacobs Well,8/22/2019,7,,3,21,6.3,588,7,0.5,10,0.1,0.02,0.545,38,,500,100,,20,545,382.2,-98.126321,30.034408
12677,Cypress Creek at Jacobs Well,9/24/2019,6,,3,21,6.2,581,7,0.5,1,0.1,0.02,0.508,31,,500,100,,20,508,377.65,-98.126321,30.034408
12677,Cypress Creek at Jacobs Well,12/9/2019,1.5,,3,20.9,6.1,587,6.9,0.5,1,0.1,0.02,0.55,8,,500,100,,20,550,381.55,-98.126321,30.034408
12677,Cypress Creek at Jacobs Well,6/30/2020,8.1,,3,21,6.1,578,7,0.5,3,0.1,0.02,0.52,1,,500,100,,20,520,375.7,-98.126321,30.034408
12677,Cypress Creek at Jacobs Well,9/10/2020,11.8,,5,20.8,5.6,568,6.8,0.5,76,0.1,0.02,0.659,1,,500,100,,20,659,369.2,-98.126321,30.034408
12677,Cypress Creek at Jacobs Well,12/9/2020,1,,2,20.5,6.7,590,7.1,0.5,1,0.1,0.02,0.624,14,,500,100,,20,624,383.5,-98.126321,30.034408
12677,Cypress Creek at Jacobs Well,3/3/2021,2.6,,2,21.1,6.3,,7,0.5,1,0.1,0.02,0.692,5,,500,100,,20,692,,-98.126321,30.034408
12677,Cypress Creek at Jacobs Well,6/9/2021,9.7,,5,20.9,6.2,582,7.1,0.5,80,0.1,0.02,0.866,3,0.9,500,100,,20,866,378.3,-98.126321,30.034408
12677,Cypress Creek at Jacobs Well,9/9/2021,2.9,,3,21.2,6.2,589,7.1,0.5,2,0.1,0.02,0.556,3,,500,100,,20,556,382.85,-98.126321,30.034408
12677,Cypress Creek at Jacobs Well,12/8/2021,9.4,,3,20.8,5.8,593,7,0.5,2,0.1,0.02,0.637,12,1.5,500,100,,20,637,385.45,-98.126321,30.034408
12677,Cypress Creek at Jacobs Well,3/9/2022,3.7,,3,20.8,6.5,606,7,0.5,1,0.1,0.02,0.736,2,1,500,100,,20,736,393.9,-98.126321,30.034408
12677,Cypress Creek at Jacobs Well,6/15/2022,0.65,,2,21.8,7.2,604,7.2,1.3,5,0.1,0.02,0.553,22,1,1300,100,,20,553,392.6,-98.126321,30.034408
12677,Cypress Creek at Jacobs Well,9/8/2022,0.5,,2,21.1,6.3,598,7.2,0.5,1,0.1,0.02,0.59,1,9,500,100,,20,590,388.7,-98.126321,30.034408
12677,Cypress Creek at Jacobs Well,12/7/2022,0.2,1,2,21.2,6.9,597,6.8,0.5,5,0.1,0.02,0.603,12,10,500,100,,20,603,388.05,-98.126321,30.034408
12677,Cypress Creek at Jacobs Well,3/29/2023,0,,1,21,6.2,599,7.1,1.3,2,0.1,0.02,0.599,12,28,1300,100,,20,599,389.35,-98.126321,30.034408
12677,Cypress Creek at Jacobs Well,6/14/2023,0.1,1,2,21.3,3.3,639,6.6,0.5,40,0.1,0.02,0.853,9,28,500,100,,20,853,415.35,-98.126321,30.034408
12677,Cypress Creek at Jacobs Well,9/20/2023,0.3,1,2,27.2,6.2,365,8.2,4.3,20,0.1,0.03,0.05,3,28,4300,100,,30,50,237.25,-98.126321,30.034408
12677,Cypress Creek at Jacobs Well,1/24/2024,11.6,1,3,20.7,5.5,617,6.6,0.9,440,0.1,0.02,2.13,0,28,900,100,,20,2130,401.05,-98.126321,30.034408
12677,Cypress Creek at Jacobs Well,3/20/2024,0.1,1,2,21,5.9,656,7,0.5,1,0.1,0.02,1.11,2,28,500,100,,20,1110,426.4,-98.126321,30.034408
12677,Cypress Creek at Jacobs Well,7/11/2024,0,1,1,22.4,16.6,620,7.1,0.5,1,0.1,0.02,0.727,5,28,500,100,,20,727,403,-98.126321,30.034408
12677,Cypress Creek at Jacobs Well,11/13/2024,0,1,1,21.5,10.3,615,6.8,0.5,240,0.1,0.02,0.676,8,28,500,100,,20,676,399.75,-98.126321,30.034408
12677,Cypress Creek at Jacobs Well,2/13/2025,,,,,,,,0.6,1200,0.1,0.02,1.75,,,600,100,,20,1750,,-98.126321,30.034408
12677,Cypress Creek at Jacobs Well,2/18/2025,0.5,1,2,20.9,5.3,647,7,0.6,550,0.1,0.02,1.19,6,6.1,600,100,,20,1190,420.55,-98.126321,30.034408
22109,Cypress Creek at Camp Young Judaea,12/5/2018,15,,5,17.3,8.2,610,7.1,0.5,120,0.1,0.02,0.47,4,,500,100,,20,470,396.5,-98.12015,30.02434
22109,Cypress Creek at Camp Young Judaea,3/13/2019,13,,3,20.1,5.2,651,7.1,0.5,24,0.1,0.02,0.48,0,,500,100,,20,480,423.15,-98.12015,30.02434
22109,Cypress Creek at Camp Young Judaea,8/22/2019,7,,3,25,6.8,587,7.5,3.4,69,0.1,0.02,0.328,38,,3400,100,,20,328,381.55,-98.12015,30.02434
22109,Cypress Creek at Camp Young Judaea,9/24/2019,6,,3,25.6,7.7,583,7.6,1.2,24,0.1,0.02,0.271,31,,1200,100,,20,271,378.95,-98.12015,30.02434
22109,Cypress Creek at Camp Young Judaea,12/9/2019,3.8,,3,16.7,7.5,569,7.6,1,38,0.1,0.02,0.322,8,1.8,1000,100,,20,322,369.85,-98.12015,30.02434
22109,Cypress Creek at Camp Young Judaea,6/30/2020,8.1,,5,23.6,6.8,585,7.5,1.5,28,0.1,0.02,0.358,1,,1500,100,,20,358,380.25,-98.12015,30.02434
22109,Cypress Creek at Camp Young Judaea,9/10/2020,11.8,,5,21.9,6.5,539,7.4,2.6,190,0.1,0.02,0.435,1,1.5,2600,100,,20,435,350.35,-98.12015,30.02434
22109,Cypress Creek at Camp Young Judaea,12/9/2020,2,,2,12.2,9.4,560,7.9,0.9,48,0.1,0.02,0.254,14,1.5,900,100,,20,254,364,-98.12015,30.02434
22109,Cypress Creek at Camp Young Judaea,3/3/2021,2.6,,2,15.2,9.8,617,7.8,1.1,1,0.1,0.02,0.285,5,1.5,1100,100,,20,285,401.05,-98.12015,30.02434
22109,Cypress Creek at Camp Young Judaea,6/9/2021,9.7,,3,22.6,7.4,584,7.4,1,84,0.1,0.02,0.754,3,1.3,1000,100,,20,754,379.6,-98.12015,30.02434
22109,Cypress Creek at Camp Young Judaea,9/9/2021,2.9,,3,24.9,7,578,7.5,1.3,10,0.1,0.02,0.265,3,1.2,1300,100,,20,265,375.7,-98.12015,30.02434
22109,Cypress Creek at Camp Young Judaea,12/8/2021,9.4,,3,17.1,8.6,596,7.8,0.8,140,0.1,0.02,0.498,12,1.5,800,100,,20,498,387.4,-98.12015,30.02434
22109,Cypress Creek at Camp Young Judaea,3/9/2022,3.7,,3,15.1,8.6,601,7.6,0.8,28,0.1,0.02,0.507,2,1.75,800,100,,20,507,390.65,-98.12015,30.02434
22109,Cypress Creek at Camp Young Judaea,6/15/2022,0.7,,2,28.9,7.4,531,7.7,2,1,0.1,0.02,0.05,22,1.5,2000,100,,20,50,345.15,-98.12015,30.02434
22109,Cypress Creek at Camp Young Judaea,9/8/2022,0.5,,2,28.4,7.7,599,7.9,5.3,33,0.1,0.02,0.05,1,0.8,5300,100,,20,50,389.35,-98.12015,30.02434
22109,Cypress Creek at Camp Young Judaea,12/7/2022,0.2,1,2,20.7,9.4,664,7.5,1.1,25,0.1,0.02,0.514,12,0.8,1100,100,,20,514,431.6,-98.12015,30.02434
22109,Cypress Creek at Camp Young Judaea,3/29/2023,0,1,1,18.7,9.4,548,7.7,4,1,0.1,0.02,0.05,12,0.7,4000,100,,20,50,356.2,-98.12015,30.02434
22109,Cypress Creek at Camp Young Judaea,6/14/2023,0.08,1,2,27.8,10,609,7.1,2,34,0.1,0.02,0.09,9,1.3,2000,100,,20,90,395.85,-98.12015,30.02434
22109,Cypress Creek at Camp Young Judaea,9/20/2023,,,6,,,,,,,,,,3,,,,,,,,-98.12015,30.02434
22109,Cypress Creek at Camp Young Judaea,1/24/2024,10.7,1,3,17.9,7.6,623,7.2,0.6,1300,0.1,0.02,1.82,0,0.5,600,100,,20,1820,404.95,-98.12015,30.02434
22109,Cypress Creek at Camp Young Judaea,3/20/2024,0.1,1,2,18,10.2,674,7.7,0.7,91,0.1,0.02,0.56,2,1.5,700,100,,20,560,438.1,-98.12015,30.02434
22109,Cypress Creek at Camp Young Judaea,7/11/2024,0,1,1,29.5,7.6,704,7.2,3.9,12,0.1,0.02,0.05,5,1,3900,100,,20,50,457.6,-98.12015,30.02434
22109,Cypress Creek at Camp Young Judaea,11/13/2024,0,1,1,20.1,5.3,524,7.4,11.4,82,0.1,0.02,0.05,8,0.3,11400,100,,20,50,340.6,-98.12015,30.02434
22109,Cypress Creek at Camp Young Judaea,2/13/2025,1.1,1,2,13.2,9.4,626,7.9,1.2,410,0.1,0.02,0.726,1,1.2,1200,100,,20,726,406.9,-98.12015,30.02434
22110,Cypress Creek at Woodcreek Dr,12/5/2018,15,,5,16,9,601,7.1,0.7,23,0.1,0.02,0.41,4,,700,100,,20,410,390.65,-98.117508,30.020925
22110,Cypress Creek at Woodcreek Dr,3/13/2019,13,,3,19.8,6,643,7.3,0.5,62,0.1,0.02,0.46,0,,500,100,,20,460,417.95,-98.117508,30.020925
22110,Cypress Creek at Woodcreek Dr,8/22/2019,7,,3,27,7.3,581,7.7,3.6,26,0.1,0.02,0.207,38,,3600,100,,20,207,377.65,-98.117508,30.020925
22110,Cypress Creek at Woodcreek Dr,9/24/2019,6,,3,26.4,6.9,577,7.6,1.4,41,0.1,0.02,0.157,31,,1400,100,,20,157,375.05,-98.117508,30.020925
22110,Cypress Creek at Woodcreek Dr,12/9/2019,1.2,,3,16.6,7.9,571,7.6,1,22,0.1,0.02,0.233,8,1,1000,100,,20,233,371.15,-98.117508,30.020925
22110,Cypress Creek at Woodcreek Dr,6/30/2020,8.1,,3,24.8,6.6,580,7.7,1.6,98,0.1,0.02,0.277,1,,1600,100,,20,277,377,-98.117508,30.020925
22110,Cypress Creek at Woodcreek Dr,9/10/2020,11.8,,5,23.5,6,553,7.4,1.6,110,0.1,0.02,0.235,1,0.8,1600,100,,20,235,359.45,-98.117508,30.020925
22110,Cypress Creek at Woodcreek Dr,12/9/2020,2.2,,2,12.2,9.9,561,7.8,0.5,1,0.1,0.02,0.145,14,1.2,500,100,,20,145,364.65,-98.117508,30.020925
22110,Cypress Creek at Woodcreek Dr,3/3/2021,2.6,,2,15.5,11.5,604,7.8,2.2,4,0.1,0.02,0.146,5,0.5,2200,100,,20,146,392.6,-98.117508,30.020925
22110,Cypress Creek at Woodcreek Dr,6/9/2021,9.7,,5,23.6,8.4,575,7.4,1.3,37,0.1,0.02,0.652,3,0.6,1300,100,,20,652,373.75,-98.117508,30.020925
22110,Cypress Creek at Woodcreek Dr,9/9/2021,2.9,,,26.7,8.7,569,7.6,0.6,7,0.1,0.02,0.111,3,0.9,600,100,,20,111,369.85,-98.117508,30.020925
22110,Cypress Creek at Woodcreek Dr,12/8/2021,9.4,,3,17.8,7.7,591,7.7,1.3,22,0.1,0.02,0.374,12,0.5,1300,100,,20,374,384.15,-98.117508,30.020925
22110,Cypress Creek at Woodcreek Dr,3/9/2022,3.7,,3,15,9.4,589,7.6,0.7,2,0.1,0.02,0.295,2,1,700,100,,20,295,382.85,-98.117508,30.020925
22110,Cypress Creek at Woodcreek Dr,6/15/2022,0.7,,2,28.6,6.9,564,7.5,1.2,1,0.1,0.02,0.05,22,0.7,1200,100,,20,50,366.6,-98.117508,30.020925
22110,Cypress Creek at Woodcreek Dr,9/8/2022,0.5,,2,28.4,7.3,568,7.6,3.8,4,0.1,0.02,0.05,1,0.4,3800,100,,20,50,369.2,-98.117508,30.020925
22110,Cypress Creek at Woodcreek Dr,12/7/2022,0.2,1,2,19.2,8.1,609,7.1,0.9,6,0.1,0.02,0.256,12,0.5,900,100,,20,256,395.85,-98.117508,30.020925
22110,Cypress Creek at Woodcreek Dr,3/29/2023,0,1,1,18.7,9.4,548,7.7,0.7,1,0.1,0.02,0.05,12,0.7,700,100,,20,50,356.2,-98.117508,30.020925
22110,Cypress Creek at Woodcreek Dr,6/14/2023,0.1,1,2,29.7,11.3,580,7.4,1.3,2,0.1,0.02,0.05,9,1.1,1300,100,,20,50,377,-98.117508,30.020925
22110,Cypress Creek at Woodcreek Dr,9/20/2023,0.3,1,2,26.2,4.5,564,7.1,2.5,2,0.1,0.02,0.05,3,0.2,2500,100,,20,50,366.6,-98.117508,30.020925
22110,Cypress Creek at Woodcreek Dr,1/24/2024,9.4,1,3,15.6,8.1,640,7.4,1.3,130,0.1,0.02,1.27,0,0.5,1300,100,,20,1270,416,-98.117508,30.020925
22110,Cypress Creek at Woodcreek Dr,3/20/2024,0.1,1,3,18.2,7.8,624,7.5,0.5,2,0.1,0.02,0.271,2,1,500,100,,20,271,405.6,-98.117508,30.020925
22110,Cypress Creek at Woodcreek Dr,7/11/2024,0,1,1,28.6,4.9,638,7.2,9.1,1,0.1,0.02,0.05,5,1,9100,100,,20,50,414.7,-98.117508,30.020925
22110,Cypress Creek at Woodcreek Dr,11/13/2024,0,1,1,19.8,4.3,593,7.4,0.8,3,0.1,0.02,0.05,8,0.6,800,100,,20,50,385.45,-98.117508,30.020925
22110,Cypress Creek at Woodcreek Dr,2/13/2025,1.3,1,2,13.1,8.4,619,7.6,1,55,0.1,0.02,0.08,1,0.8,1000,100,,20,80,402.35,-98.117508,30.020925
